{"detections":[{"bbox_xyxy":[286.9254150390625,454.0519714355469,472.86505126953125,541.135009765625],"class_id":3,"class_name":"truck","conf":0.8051760196685791},{"bbox_xyxy":[1028.337158203125,404.93463134765625,1086.84130859375,434.79437255859375],"class_id":1,"class_name":"car","conf":0.48337501287460327},{"bbox_xyxy":[675.1473999023438,412.75970458984375,706.4963989257812,454.87701416015625],"class_id":1,"class_name":"car","conf":0.3317492604255676}],"image":{"height":720,"source_name":"seca_frame_000351.png","width":1280},"metrics":{"counts_by_class":{"car":2,"truck":1},"density":3.2552083333333335e-06,"roi_occupancy":0.05278417958359928,"total_objects":3,"traffic_state":"FLUIDO"},"model":{"conf":0.25,"iou":0.7,"weights":"best_roundabout.pt"},"scene_id":"20260207_163419_235202","timestamp_utc":"2026-02-07T16:34:19.792145+00:00"}