{"detections":[{"bbox_xyxy":[674.0603637695312,404.0565185546875,705.5099487304688,446.94189453125],"class_id":1,"class_name":"car","conf":0.5320433378219604},{"bbox_xyxy":[1062.306884765625,451.23028564453125,1096.223388671875,502.23370361328125],"class_id":1,"class_name":"car","conf":0.40442925691604614}],"image":{"height":720,"source_name":"seca_frame_000446.png","width":1280},"metrics":{"counts_by_class":{"car":2},"density":2.170138888888889e-06,"roi_occupancy":0.004065174320495305,"total_objects":2,"traffic_state":"FLUIDO"},"model":{"conf":0.25,"iou":0.7,"weights":"best_roundabout.pt"},"scene_id":"20260207_163350_aecad4","timestamp_utc":"2026-02-07T16:33:50.819664+00:00"}