{"crop_xyxy":[13,400,1274,701],"detections":[{"bbox_xyxy":[311.271484375,530.1263885498047,392.1942138671875,582.8592224121094],"class_id":0,"class_name":"car","conf":0.8710644245147705},{"bbox_xyxy":[951.0654907226562,481.5905303955078,1045.7596435546875,549.4490203857422],"class_id":0,"class_name":"car","conf":0.769985020160675}],"image":{"height":720,"source_name":"sec6_frame_000293.png","width":1280},"metrics":{"counts_by_class":{"car":2},"covered_road_pixels":10604,"density":2.170138888888889e-06,"road_area_pixels":329029,"road_occupancy":0.03222816225925374,"total_objects":2,"traffic_state":"FLUIDO"},"model":{"conf":0.25,"iou":0.7,"weights":"best_roundabout.pt"},"poly_points":[[1261,699],[1274,489],[1222,400],[1116,400],[1045,400],[877,400],[807,401],[713,407],[556,402],[431,414],[357,427],[225,438],[132,460],[62,501],[13,502],[43,559],[162,644],[419,701]],"scene_id":"20260208_123224_13c7c0","timestamp_utc":"2026-02-08T12:32:24.718457+00:00"}