{"detections":[{"bbox_xyxy":[1018.107421875,291.6838684082031,1112.2581787109375,351.19512939453125],"class_id":0,"class_name":"car","conf":0.8305692076683044},{"bbox_xyxy":[1159.9803466796875,242.70623779296875,1229.374267578125,283.7381896972656],"class_id":0,"class_name":"car","conf":0.8019664883613586}],"image":{"height":720,"source_name":"sec5_frame_001277.png","width":1280},"metrics":{"counts_by_class":{"car":2},"density":2.170138888888889e-06,"roi_occupancy":0.0010569623923345963,"total_objects":2,"traffic_state":"FLUIDO"},"model":{"conf":0.75,"iou":0.05,"weights":"best_roundabout.pt"},"scene_id":"20260207_181104_95f17a","timestamp_utc":"2026-02-07T18:11:04.571621+00:00"}