{"detections":[{"bbox_xyxy":[1086.189208984375,550.0397338867188,1143.6895751953125,591.5670166015625],"class_id":0,"class_name":"car","conf":0.8739336133003235},{"bbox_xyxy":[0.01790284924209118,773.8639526367188,22.97014617919922,834.5150146484375],"class_id":0,"class_name":"car","conf":0.7111464142799377}],"image":{"height":1080,"source_name":"sec1_frame_004442.png","width":1920},"metrics":{"counts_by_class":{"car":2},"density":9.645061728395062e-07,"roi_occupancy":0.003198723052566458,"total_objects":2,"traffic_state":"FLUIDO"},"model":{"conf":0.25,"iou":0.7,"weights":"best_roundabout.pt"},"scene_id":"20260207_180358_6676aa","timestamp_utc":"2026-02-07T18:03:58.507112+00:00"}