{"detections":[{"bbox_xyxy":[1053.60888671875,133.66502380371094,1126.876953125,171.52064514160156],"class_id":1,"class_name":"car","conf":0.41735413670539856},{"bbox_xyxy":[190.02317810058594,253.62203979492188,353.6748046875,326.9615783691406],"class_id":3,"class_name":"truck","conf":0.4013083279132843}],"image":{"height":720,"source_name":"sec9_frame_000789.png","width":1280},"metrics":{"counts_by_class":{"car":1,"truck":1},"density":2.170138888888889e-06,"roi_occupancy":0.021591149167233883,"total_objects":2,"traffic_state":"FLUIDO"},"model":{"conf":0.25,"iou":0.7,"weights":"best_roundabout.pt"},"scene_id":"20260207_163507_a6f3ef","timestamp_utc":"2026-02-07T16:35:07.708852+00:00"}