{"detections":[{"bbox_xyxy":[953.4583740234375,487.9454650878906,1011.7734985351562,531.3685302734375],"class_id":0,"class_name":"car","conf":0.6984501481056213},{"bbox_xyxy":[0.009224414825439453,416.51702880859375,13.958711624145508,482.4263000488281],"class_id":0,"class_name":"car","conf":0.15316064655780792}],"image":{"height":720,"source_name":"seca_frame_000405.png","width":1280},"metrics":{"counts_by_class":{"car":2},"density":2.170138888888889e-06,"roi_occupancy":0.007632322569973855,"total_objects":2,"traffic_state":"FLUIDO"},"model":{"conf":0.05,"iou":0.05,"weights":"best_roundabout.pt"},"scene_id":"20260207_181542_8c5e38","timestamp_utc":"2026-02-07T18:15:43.266919+00:00"}