{"detections":[{"bbox_xyxy":[1169.715087890625,468.5484619140625,1220.0389404296875,507.8411560058594],"class_id":0,"class_name":"car","conf":0.615296483039856},{"bbox_xyxy":[0.008827447891235352,416.275634765625,13.716535568237305,482.9646301269531],"class_id":0,"class_name":"car","conf":0.12849926948547363}],"image":{"height":720,"source_name":"seca_frame_000399.png","width":1280},"metrics":{"counts_by_class":{"car":2},"density":2.170138888888889e-06,"roi_occupancy":0.0,"total_objects":2,"traffic_state":"FLUIDO"},"model":{"conf":0.05,"iou":0.05,"weights":"best_roundabout.pt"},"scene_id":"20260207_181555_c4611f","timestamp_utc":"2026-02-07T18:15:55.936906+00:00"}