{"crop_xyxy":[15,176,1274,536],"detections":[{"bbox_xyxy":[1158.0494384765625,233.3433837890625,1237.1829833984375,280.9674606323242],"class_id":0,"class_name":"car","conf":0.6006327867507935},{"bbox_xyxy":[1066.2147216796875,195.8651123046875,1116.68701171875,224.28923797607422],"class_id":0,"class_name":"car","conf":0.4709295630455017},{"bbox_xyxy":[1045.27099609375,222.5212287902832,1099.2843017578125,250.99002838134766],"class_id":0,"class_name":"car","conf":0.31303203105926514}],"image":{"height":720,"source_name":"sec5_frame_001315.png","width":1280},"metrics":{"counts_by_class":{"car":3},"covered_road_pixels":6072,"density":3.2552083333333335e-06,"road_area_pixels":363668,"road_occupancy":0.01669654740037617,"total_objects":3,"traffic_state":"FLUIDO"},"model":{"conf":0.25,"iou":0.7,"weights":"best_roundabout.pt"},"poly_points":[[1274,493],[1274,252],[1158,213],[1017,198],[954,195],[862,194],[706,176],[639,191],[447,208],[329,224],[149,251],[51,270],[15,343],[18,396],[159,470],[405,495],[750,527],[1106,528],[1183,536]],"scene_id":"20260208_121906_dd51ce","timestamp_utc":"2026-02-08T12:19:06.849606+00:00"}