{"detections":[{"bbox_xyxy":[541.5888061523438,195.54946899414062,611.6510620117188,228.9081573486328],"class_id":0,"class_name":"car","conf":0.7522717118263245},{"bbox_xyxy":[1008.9048461914062,237.9387664794922,1073.04736328125,277.4510192871094],"class_id":0,"class_name":"car","conf":0.3575941324234009}],"image":{"height":720,"source_name":"sec5_frame_000619.png","width":1280},"metrics":{"counts_by_class":{"car":2},"density":2.170138888888889e-06,"roi_occupancy":0.008842196216967491,"total_objects":2,"traffic_state":"FLUIDO"},"model":{"conf":0.25,"iou":0.7,"weights":"best_roundabout.pt"},"scene_id":"20260207_180227_ef3fd8","timestamp_utc":"2026-02-07T18:02:28.115636+00:00"}