{"crop_xyxy":[191,422,1297,1054],"detections":[{"bbox_xyxy":[218.62931442260742,945.1817016601562,272.5552062988281,968.90087890625],"class_id":0,"class_name":"car","conf":0.7720625400543213},{"bbox_xyxy":[1058.6550903320312,576.8662109375,1080.0184936523438,604.8233947753906],"class_id":0,"class_name":"car","conf":0.6259714961051941}],"image":{"height":1080,"source_name":"sec8_frame_002282.png","width":1920},"metrics":{"counts_by_class":{"car":2},"covered_road_pixels":1858,"density":9.645061728395062e-07,"road_area_pixels":359036,"road_occupancy":0.005174968526832964,"total_objects":2,"traffic_state":"FLUIDO"},"model":{"conf":0.25,"iou":0.7,"weights":"best_roundabout.pt"},"poly_points":[[684,522],[561,574],[191,939],[277,1054],[585,970],[886,872],[1061,803],[1220,744],[1259,621],[1297,515],[1195,461],[1072,422]],"scene_id":"20260208_122306_a81eda","timestamp_utc":"2026-02-08T12:23:06.621787+00:00"}