{"detections":[{"bbox_xyxy":[1096.845947265625,211.12986755371094,1156.533203125,244.08851623535156],"class_id":0,"class_name":"car","conf":0.7865310907363892},{"bbox_xyxy":[1070.87353515625,237.50091552734375,1131.86181640625,282.26776123046875],"class_id":0,"class_name":"car","conf":0.7511332631111145},{"bbox_xyxy":[1132.229248046875,409.61065673828125,1221.8087158203125,458.7794494628906],"class_id":0,"class_name":"car","conf":0.5164754390716553},{"bbox_xyxy":[1097.780029296875,446.6416015625,1228.9256591796875,539.0582885742188],"class_id":0,"class_name":"car","conf":0.3500975966453552}],"image":{"height":720,"source_name":"sec5_frame_001300.png","width":1280},"metrics":{"counts_by_class":{"car":4},"density":4.340277777777778e-06,"roi_occupancy":0.0,"total_objects":4,"traffic_state":"FLUIDO"},"model":{"conf":0.25,"iou":0.7,"weights":"best_roundabout.pt"},"scene_id":"20260207_180211_8efd10","timestamp_utc":"2026-02-07T18:02:11.844252+00:00"}