{"detections":[{"bbox_xyxy":[341.5426025390625,847.628173828125,451.6159973144531,899.0443725585938],"class_id":1,"class_name":"car","conf":0.4757307469844818}],"image":{"height":1080,"source_name":"sec7_frame_000340.png","width":1920},"metrics":{"counts_by_class":{"car":1},"density":4.822530864197531e-07,"total_objects":1},"model":{"conf":0.3,"iou":0.75,"weights":"best_roundabout.pt"},"scene_id":"20260207_161838_ff403f","timestamp_utc":"2026-02-07T16:18:38.458934+00:00"}