{"detections":[{"bbox_xyxy":[1658.916748046875,907.4998168945312,1821.201416015625,1080.0],"class_id":2,"class_name":"heavy_vehicle","conf":0.49089935421943665},{"bbox_xyxy":[1873.4617919921875,747.3238525390625,1919.7939453125,916.7472534179688],"class_id":2,"class_name":"heavy_vehicle","conf":0.4424615800380707}],"image":{"height":1080,"source_name":"sec7_frame_000027.png","width":1920},"metrics":{"counts_by_class":{"heavy_vehicle":2},"density":9.645061728395062e-07,"roi_occupancy":0.0,"total_objects":2,"traffic_state":"FLUIDO"},"model":{"conf":0.25,"iou":0.7,"weights":"best_roundabout.pt"},"scene_id":"20260207_180912_4065ba","timestamp_utc":"2026-02-07T18:09:13.256076+00:00"}