{"detections":[{"bbox_xyxy":[1185.2564697265625,135.54339599609375,1279.7730712890625,177.16281127929688],"class_id":2,"class_name":"heavy_vehicle","conf":0.5842223167419434},{"bbox_xyxy":[891.6937866210938,139.83741760253906,941.3153686523438,163.86741638183594],"class_id":0,"class_name":"car","conf":0.5733576416969299}],"image":{"height":720,"source_name":"sec9_frame_000787.png","width":1280},"metrics":{"counts_by_class":{"car":1,"heavy_vehicle":1},"density":2.170138888888889e-06,"roi_occupancy":0.0029714404650736403,"total_objects":2,"traffic_state":"FLUIDO"},"model":{"conf":0.25,"iou":0.7,"weights":"best_roundabout.pt"},"scene_id":"20260207_180600_44e68e","timestamp_utc":"2026-02-07T18:06:00.492525+00:00"}