{"detections":[{"bbox_xyxy":[1050.52734375,220.40562438964844,1102.405029296875,248.4659423828125],"class_id":1,"class_name":"car","conf":0.6703033447265625},{"bbox_xyxy":[1066.83349609375,197.9010009765625,1114.43359375,228.07077026367188],"class_id":1,"class_name":"car","conf":0.3284924626350403},{"bbox_xyxy":[1169.1348876953125,240.05718994140625,1226.5113525390625,265.98211669921875],"class_id":1,"class_name":"car","conf":0.29844194650650024},{"bbox_xyxy":[1073.6689453125,197.28245544433594,1117.28759765625,222.53697204589844],"class_id":1,"class_name":"car","conf":0.2854501008987427}],"image":{"height":720,"source_name":"sec5_frame_001315.png","width":1280},"metrics":{"counts_by_class":{"car":4},"density":4.340277777777778e-06,"roi_occupancy":0.0,"total_objects":4,"traffic_state":"FLUIDO"},"model":{"conf":0.25,"iou":0.7,"weights":"best_roundabout.pt"},"scene_id":"20260207_173408_f5d9e7","timestamp_utc":"2026-02-07T17:34:08.953173+00:00"}