{"detections":[{"bbox_xyxy":[605.4488525390625,181.02613830566406,684.23095703125,216.979736328125],"class_id":0,"class_name":"car","conf":0.4840888977050781},{"bbox_xyxy":[426.2748718261719,168.6393280029297,472.735595703125,197.83145141601562],"class_id":0,"class_name":"car","conf":0.48247814178466797},{"bbox_xyxy":[847.67724609375,452.4078369140625,938.0908813476562,533.013671875],"class_id":0,"class_name":"car","conf":0.4412667453289032}],"image":{"height":720,"source_name":"sec5_frame_001160.png","width":1280},"metrics":{"counts_by_class":{"car":3},"density":3.2552083333333335e-06,"roi_occupancy":0.03459157342016214,"total_objects":3,"traffic_state":"FLUIDO"},"model":{"conf":0.25,"iou":0.7,"weights":"best_roundabout.pt"},"scene_id":"20260207_180239_dd0894","timestamp_utc":"2026-02-07T18:02:40.080203+00:00"}