{"detections":[{"bbox_xyxy":[957.71435546875,470.0270690917969,1040.9588623046875,535.1922607421875],"class_id":0,"class_name":"car","conf":0.8604464530944824},{"bbox_xyxy":[697.4844360351562,695.6934814453125,778.0621337890625,720.0],"class_id":0,"class_name":"car","conf":0.5293798446655273},{"bbox_xyxy":[206.2256622314453,454.9540710449219,283.3450927734375,481.6424560546875],"class_id":0,"class_name":"car","conf":0.5281177163124084},{"bbox_xyxy":[689.17236328125,686.8905029296875,779.169921875,720.0],"class_id":0,"class_name":"car","conf":0.3456399440765381}],"image":{"height":720,"source_name":"sec6_frame_000297.png","width":1280},"metrics":{"counts_by_class":{"car":4},"density":4.340277777777778e-06,"roi_occupancy":0.015219042648093392,"total_objects":4,"traffic_state":"FLUIDO"},"model":{"conf":0.25,"iou":0.7,"weights":"best_roundabout.pt"},"scene_id":"20260207_180938_7225b3","timestamp_utc":"2026-02-07T18:09:38.674625+00:00"}