{"crop_xyxy":[19,155,1274,635],"detections":[{"bbox_xyxy":[1072.29296875,258.9456024169922,1132.8048095703125,300.04432678222656],"class_id":0,"class_name":"car","conf":0.8460806608200073},{"bbox_xyxy":[1114.207275390625,222.09246826171875,1183.103759765625,257.52465057373047],"class_id":0,"class_name":"car","conf":0.6853154897689819},{"bbox_xyxy":[1228.1943359375,284.1825256347656,1273.69482421875,318.9742736816406],"class_id":0,"class_name":"car","conf":0.317244291305542}],"image":{"height":720,"source_name":"sec5_frame_001292.png","width":1280},"metrics":{"counts_by_class":{"car":3},"covered_road_pixels":6450,"density":3.2552083333333335e-06,"road_area_pixels":435623,"road_occupancy":0.014806380746654791,"total_objects":3,"traffic_state":"FLUIDO"},"model":{"conf":0.25,"iou":0.7,"weights":"best_roundabout.pt"},"poly_points":[[230,479],[295,489],[369,507],[438,525],[541,546],[764,601],[931,627],[1110,635],[1185,612],[1207,605],[1270,572],[1274,519],[1274,490],[1274,418],[1274,318],[1267,255],[1260,235],[1136,208],[1060,196],[991,176],[959,174],[887,166],[795,155],[661,182],[625,182],[554,189],[489,188],[429,207],[317,235],[261,235],[195,222],[111,279],[87,277],[41,283],[19,312],[24,386]],"scene_id":"20260208_122234_4ae6be","timestamp_utc":"2026-02-08T12:22:34.783723+00:00"}