{"detections":[{"bbox_xyxy":[1098.41552734375,212.71469116210938,1156.677734375,242.56304931640625],"class_id":1,"class_name":"car","conf":0.6504518389701843},{"bbox_xyxy":[941.15869140625,201.3480224609375,1005.255859375,229.81463623046875],"class_id":1,"class_name":"car","conf":0.5483989715576172},{"bbox_xyxy":[1077.587646484375,248.0128173828125,1127.963623046875,277.75390625],"class_id":1,"class_name":"car","conf":0.4499369263648987},{"bbox_xyxy":[958.9521484375,202.2030029296875,1007.565673828125,229.8016357421875],"class_id":1,"class_name":"car","conf":0.2866228520870209}],"image":{"height":720,"source_name":"sec5_frame_001300.png","width":1280},"metrics":{"counts_by_class":{"car":4},"density":4.340277777777778e-06,"roi_occupancy":0.009543475601804172,"total_objects":4,"traffic_state":"FLUIDO"},"model":{"conf":0.25,"iou":0.7,"weights":"best_roundabout.pt"},"scene_id":"20260207_173205_9cd396","timestamp_utc":"2026-02-07T17:32:05.299605+00:00"}