{"detections":[{"bbox_xyxy":[999.0379028320312,301.95599365234375,1095.0311279296875,365.8487243652344],"class_id":0,"class_name":"car","conf":0.788858950138092},{"bbox_xyxy":[1166.1953125,247.04986572265625,1238.7108154296875,288.1502380371094],"class_id":0,"class_name":"car","conf":0.7450687289237976},{"bbox_xyxy":[1049.926025390625,225.80523681640625,1114.3455810546875,265.06060791015625],"class_id":0,"class_name":"car","conf":0.6310800909996033}],"image":{"height":720,"source_name":"sec5_frame_001274.png","width":1280},"metrics":{"counts_by_class":{"car":3},"counts_by_class_all":{"car":3},"density_all":3.2552083333333335e-06,"roi_occupancy":0.025363038497570278,"total_objects":3,"total_objects_all":3,"traffic_state":"FLUIDO"},"model":{"conf":0.25,"iou":0.7,"weights":"best_roundabout.pt"},"roi_xyxy":[102,170,1276,561],"scene_id":"20260208_105938_9800ae","timestamp_utc":"2026-02-08T10:59:38.393812+00:00"}