{"crop_xyxy":[93,31,270,234],"detections":[{"bbox_xyxy":[189.83341217041016,95.51006317138672,197.69146728515625,99.8471908569336],"class_id":0,"class_name":"car","conf":0.7182571291923523},{"bbox_xyxy":[140.04949569702148,56.27486228942871,145.41226959228516,66.74349594116211],"class_id":0,"class_name":"car","conf":0.43090692162513733},{"bbox_xyxy":[160.37886810302734,69.66390609741211,163.5716094970703,77.14085006713867],"class_id":0,"class_name":"car","conf":0.3646154999732971},{"bbox_xyxy":[112.8906192779541,185.4617462158203,119.80411911010742,195.76312255859375],"class_id":0,"class_name":"car","conf":0.318615585565567}],"image":{"height":1219,"source_name":"Carretera1.jpg","width":860},"metrics":{"counts_by_class":{"car":4},"covered_road_pixels":176,"density":3.815556021901291e-06,"road_area_pixels":31335,"road_occupancy":0.005616722514759853,"total_objects":4,"traffic_state":"FLUIDO"},"model":{"conf":0.25,"iou":0.7,"weights":"best_roundabout.pt"},"poly_points":[[93,43],[114,234],[270,233],[251,31]],"scene_id":"20260208_113312_36168b","timestamp_utc":"2026-02-08T11:33:13.502442+00:00"}